<?xml version="1.0" encoding="UTF-8"?>
<project-private xmlns="http://www.netbeans.org/ns/project-private/1">
    <editor-bookmarks xmlns="http://www.netbeans.org/ns/editor-bookmarks/2" lastBookmarkId="0"/>
    <open-files xmlns="http://www.netbeans.org/ns/projectui-open-files/2">
        <group>
            <file>file:/C:/Users/ak0929a.STUDENT/Downloads/CourseworkF/CourseworkF/Coursework/src/coursework/CommonCode.java</file>
            <file>file:/C:/Users/ak0929a.STUDENT/Downloads/CourseworkF/CourseworkF/Coursework/src/coursework/WordRecursion.java</file>
            <file>file:/C:/Users/ak0929a.STUDENT/Downloads/CourseworkF/CourseworkF/Coursework/src/coursework/Note.java</file>
            <file>file:/C:/Users/ak0929a.STUDENT/Downloads/CourseworkF/CourseworkF/Coursework/src/coursework/AllNotes.java</file>
            <file>file:/C:/Users/ak0929a.STUDENT/Downloads/CourseworkF/CourseworkF/Coursework/src/coursework/CourseworkOverview.java</file>
            <file>file:/C:/Users/ak0929a.STUDENT/Downloads/CourseworkF/CourseworkF/Coursework/src/coursework/WordSearch.java</file>
            <file>file:/C:/Users/ak0929a.STUDENT/Downloads/CourseworkF/CourseworkF/Coursework/src/coursework/Coursework.java</file>
        </group>
    </open-files>
</project-private>
